,0
0,https://kabuoji3.com/stock/1789/
1,https://kabuoji3.com/stock/1793/
2,https://kabuoji3.com/stock/1795/
3,https://kabuoji3.com/stock/1798/
4,https://kabuoji3.com/stock/1799/
5,https://kabuoji3.com/stock/1801/
6,https://kabuoji3.com/stock/1802/
7,https://kabuoji3.com/stock/1803/
8,https://kabuoji3.com/stock/1805/
9,https://kabuoji3.com/stock/1807/
10,https://kabuoji3.com/stock/1808/
11,https://kabuoji3.com/stock/1810/
12,https://kabuoji3.com/stock/1811/
13,https://kabuoji3.com/stock/1812/
14,https://kabuoji3.com/stock/1813/
15,https://kabuoji3.com/stock/1814/
16,https://kabuoji3.com/stock/1815/
17,https://kabuoji3.com/stock/1820/
18,https://kabuoji3.com/stock/1821/
19,https://kabuoji3.com/stock/1822/
20,https://kabuoji3.com/stock/1824/
21,https://kabuoji3.com/stock/1826/
22,https://kabuoji3.com/stock/1827/
23,https://kabuoji3.com/stock/1828/
24,https://kabuoji3.com/stock/1833/
25,https://kabuoji3.com/stock/1835/
26,https://kabuoji3.com/stock/1840/
27,https://kabuoji3.com/stock/1841/
28,https://kabuoji3.com/stock/1844/
29,https://kabuoji3.com/stock/1847/
30,https://kabuoji3.com/stock/1848/
31,https://kabuoji3.com/stock/1850/
32,https://kabuoji3.com/stock/1852/
33,https://kabuoji3.com/stock/1853/
34,https://kabuoji3.com/stock/1860/
35,https://kabuoji3.com/stock/1861/
36,https://kabuoji3.com/stock/1865/
37,https://kabuoji3.com/stock/1866/
38,https://kabuoji3.com/stock/1867/
39,https://kabuoji3.com/stock/1870/
40,https://kabuoji3.com/stock/1871/
41,https://kabuoji3.com/stock/1873/
42,https://kabuoji3.com/stock/1878/
43,https://kabuoji3.com/stock/1879/
44,https://kabuoji3.com/stock/1881/
45,https://kabuoji3.com/stock/1882/
46,https://kabuoji3.com/stock/1883/
47,https://kabuoji3.com/stock/1884/
48,https://kabuoji3.com/stock/1885/
49,https://kabuoji3.com/stock/1888/
50,https://kabuoji3.com/stock/1890/
51,https://kabuoji3.com/stock/1892/
52,https://kabuoji3.com/stock/1893/
53,https://kabuoji3.com/stock/1898/
54,https://kabuoji3.com/stock/1899/
55,https://kabuoji3.com/stock/1904/
56,https://kabuoji3.com/stock/1905/
57,https://kabuoji3.com/stock/1906/
58,https://kabuoji3.com/stock/1909/
59,https://kabuoji3.com/stock/1911/
60,https://kabuoji3.com/stock/1914/
61,https://kabuoji3.com/stock/1921/
62,https://kabuoji3.com/stock/1925/
63,https://kabuoji3.com/stock/1926/
64,https://kabuoji3.com/stock/1928/
65,https://kabuoji3.com/stock/1929/
66,https://kabuoji3.com/stock/1930/
67,https://kabuoji3.com/stock/1934/
68,https://kabuoji3.com/stock/1938/
69,https://kabuoji3.com/stock/1939/
70,https://kabuoji3.com/stock/1941/
71,https://kabuoji3.com/stock/1942/
72,https://kabuoji3.com/stock/1944/
73,https://kabuoji3.com/stock/1945/
74,https://kabuoji3.com/stock/1946/
75,https://kabuoji3.com/stock/1948/
76,https://kabuoji3.com/stock/1949/
77,https://kabuoji3.com/stock/1950/
78,https://kabuoji3.com/stock/1951/
79,https://kabuoji3.com/stock/1952/
80,https://kabuoji3.com/stock/1954/
81,https://kabuoji3.com/stock/1959/
82,https://kabuoji3.com/stock/1960/
83,https://kabuoji3.com/stock/1961/
84,https://kabuoji3.com/stock/1963/
85,https://kabuoji3.com/stock/1964/
86,https://kabuoji3.com/stock/1965/
87,https://kabuoji3.com/stock/1966/
88,https://kabuoji3.com/stock/1967/
89,https://kabuoji3.com/stock/1968/
90,https://kabuoji3.com/stock/1969/
91,https://kabuoji3.com/stock/1971/
92,https://kabuoji3.com/stock/1972/
93,https://kabuoji3.com/stock/1973/
94,https://kabuoji3.com/stock/1975/
95,https://kabuoji3.com/stock/1976/
96,https://kabuoji3.com/stock/1979/
97,https://kabuoji3.com/stock/1980/
98,https://kabuoji3.com/stock/1981/
99,https://kabuoji3.com/stock/1982/
100,https://kabuoji3.com/stock/1983/
101,https://kabuoji3.com/stock/1992/
102,https://kabuoji3.com/stock/1994/
103,https://kabuoji3.com/stock/1997/
104,https://kabuoji3.com/stock/2001/
105,https://kabuoji3.com/stock/2002/
106,https://kabuoji3.com/stock/2003/
107,https://kabuoji3.com/stock/2004/
108,https://kabuoji3.com/stock/2009/
109,https://kabuoji3.com/stock/2031/
110,https://kabuoji3.com/stock/2032/
111,https://kabuoji3.com/stock/2033/
112,https://kabuoji3.com/stock/2034/
113,https://kabuoji3.com/stock/2035/
114,https://kabuoji3.com/stock/2036/
115,https://kabuoji3.com/stock/2037/
116,https://kabuoji3.com/stock/2038/
117,https://kabuoji3.com/stock/2039/
118,https://kabuoji3.com/stock/2040/
119,https://kabuoji3.com/stock/2041/
